jmeter.companyaaa@mailto.plus,Testlife@123,283988,texantifrzcoolantgals-6x1-ag-carton-227-6x1-ag-carton-227-,501868,501874,501872,,,,,
jmeter.companybbb@mailto.plus,Testlife@123,283975,havantifrz-coolantbgal-6x1-ag-carton-227-6x1-ag-carton-227-,503842,503848,503846,,,,,
jmeter.companyccc@mailto.plus,Testlife@123,283962,havhdbrakefluidd3case-24x8-oz-carton-430-24x8-oz-carton-430-,503892,503898,503896,,,,,
jmeter.companyddd@mailto.plus,Testlife@123,284170,ursasupertdsae15w40pl-5-ag-pail-221-5-ag-pail-221-,503951,503957,503955,,,,,
jmeter.companyeee@mailto.plus,Testlife@123,284157,ursasupertdsae15w40gal-3x1-ag-carton-301-3x1-ag-carton-301-,504053,504059,504057,,,,,
jmeter.companyfff@mailto.plus,Testlife@123,284040,o10w30-12x1-qt-carton-205-12x1-qt-carton-205-,504112,504118,504116,,,,,
jmeter.companyggg@mailto.plus,Testlife@123,284079,ursasuperhdsae40gal-3x1-ag-carton-301-3x1-ag-carton-301-,504199,504205,504203,,,,,
jmeter.companyhhh@mailto.plus,Testlife@123,284105,ursahdsae50qt-12x1-qt-carton-205-12x1-qt-carton-205-,504260,504266,504264,,,,,
jmeter.companyiii@mailto.plus,Testlife@123,283988,texantifrzcoolantgals-6x1-ag-carton-227-6x1-ag-carton-227-,504356,504362,504360,,,,,
jmeter.companyjjj@mailto.plus,Testlife@123,283975,havantifrz-coolantbgal-6x1-ag-carton-227-6x1-ag-carton-227-,504454,504460,504458,,,,,
jmeter.companykkk@mailto.plus,Testlife@123,283962,havhdbrakefluidd3case-24x8-oz-carton-430-24x8-oz-carton-430-,504650,504656,504654,,,,,
jmeter.companylll@mailto.plus,Testlife@123,284170,ursasupertdsae15w40pl-5-ag-pail-221-5-ag-pail-221-,504746,504752,504750,,,,,
jmeter.companymmm@mailto.plus,Testlife@123,284157,ursasupertdsae15w40gal-3x1-ag-carton-301-3x1-ag-carton-301-,504796,504802,504800,,,,,
jmeter.companynnn@mailto.plus,Testlife@123,284040,o10w30-12x1-qt-carton-205-12x1-qt-carton-205-,504893,504899,504897,,,,,
jmeter.companyooo@mailto.plus,Testlife@123,284079,ursasuperhdsae40gal-3x1-ag-carton-301-3x1-ag-carton-301-,504990,504996,504994,,,,,
jmeter.companyppp@mailto.plus,Testlife@123,284105,ursahdsae50qt-12x1-qt-carton-205-12x1-qt-carton-205-,505098,505104,505102,,,,,
jmeter.companyqqq@mailto.plus,Testlife@123,283988,texantifrzcoolantgals-6x1-ag-carton-227-6x1-ag-carton-227-,505195,505201,505199,,,,,
jmeter.companyrrr@mailto.plus,Testlife@123,283975,havantifrz-coolantbgal-6x1-ag-carton-227-6x1-ag-carton-227-,505481,505487,505485,,,,,
jmeter.companysss@mailto.plus,Testlife@123,283962,havhdbrakefluidd3case-24x8-oz-carton-430-24x8-oz-carton-430-,505567,505573,505571,,,,,
jmeter.companyttt@mailto.plus,Testlife@123,284170,ursasupertdsae15w40pl-5-ag-pail-221-5-ag-pail-221-,505666,505672,505670,,,,,
jmeter.companyuuu@mailto.plus,Testlife@123,284157,ursasupertdsae15w40gal-3x1-ag-carton-301-3x1-ag-carton-301-,505901,505907,505905,,,,,
jmeter.companyvvv@mailto.plus,Testlife@123,284040,o10w30-12x1-qt-carton-205-12x1-qt-carton-205-,505950,505956,505954,,,,,
jmeter.companywww@mailto.plus,Testlife@123,284079,ursasuperhdsae40gal-3x1-ag-carton-301-3x1-ag-carton-301-,506047,506053,506051,,,,,
jmeter.companyxxx@mailto.plus,Testlife@123,284105,ursahdsae50qt-12x1-qt-carton-205-12x1-qt-carton-205-,506143,506149,506147,,,,,
jmeter.companyyyy@mailto.plus,Testlife@123,283988,texantifrzcoolantgals-6x1-ag-carton-227-6x1-ag-carton-227-,506230,506236,506234,,,,,
jmeter.companyzzz@mailto.plus,Testlife@123,283975,havantifrz-coolantbgal-6x1-ag-carton-227-6x1-ag-carton-227-,506291,506297,506295,,,,,
jmeter.companyaaaa@mailto.plus,Testlife@123,283962,havhdbrakefluidd3case-24x8-oz-carton-430-24x8-oz-carton-430-,504015,504021,504019,,,,,
jmeter.companybbbb@mailto.plus,Testlife@123,283949,havatfmd3quart-12x1-qt-carton-205-12x1-qt-carton-205-,504161,504167,504165,,,,,
jmeter.companycccc@mailto.plus,Testlife@123,284040,o10w30-12x1-qt-carton-205-12x1-qt-carton-205-,504298,504304,504302,,,,,
jmeter.companydddd@mailto.plus,Testlife@123,284131,ursahd50saepail-5-ag-pail-221-5-ag-pail-221-,504405,504411,504409,,,,,
jmeter.companyeeee@mailto.plus,Testlife@123,284105,ursahdsae50qt-12x1-qt-carton-205-12x1-qt-carton-205-,504602,504608,504606,,,,,
jmeter.companyffff@mailto.plus,Testlife@123,283988,texantifrzcoolantgals-6x1-ag-carton-227-6x1-ag-carton-227-,504698,504704,504702,,,,,
jmeter.companygggg@mailto.plus,Testlife@123,283988,texantifrzcoolantgals-6x1-ag-carton-227-6x1-ag-carton-227-,504834,504840,504838,,,,,
jmeter.companyhhhh@mailto.plus,Testlife@123,283975,havantifrz-coolantbgal-6x1-ag-carton-227-6x1-ag-carton-227-,504942,504948,504946,,,,,
jmeter.companyiiii@mailto.plus,Testlife@123,283962,havhdbrakefluidd3case-24x8-oz-carton-430-24x8-oz-carton-430-,505038,505044,505042,,,,,
jmeter.companyjjjj@mailto.plus,Testlife@123,284170,ursasupertdsae15w40pl-5-ag-pail-221-5-ag-pail-221-,505146,505152,505150,,,,,
jmeter.companykkkk@mailto.plus,Testlife@123,284157,ursasupertdsae15w40gal-3x1-ag-carton-301-3x1-ag-carton-301-,505244,505250,505248,,,,,
jmeter.companyllll@mailto.plus,Testlife@123,284040,o10w30-12x1-qt-carton-205-12x1-qt-carton-205-,505335,505341,505339,,,,,
jmeter.companymmmm@mailto.plus,Testlife@123,284079,ursasuperhdsae40gal-3x1-ag-carton-301-3x1-ag-carton-301-,505384,505390,505388,,,,,
jmeter.companynnnn@mailto.plus,Testlife@123,284105,ursahdsae50qt-12x1-qt-carton-205-12x1-qt-carton-205-,505433,505439,505437,,,,,
jmeter.companyoooo@mailto.plus,Testlife@123,283949,havatfmd3quart-12x1-qt-carton-205-12x1-qt-carton-205-,505529,505535,505533,,,,,
jmeter.companypppp@mailto.plus,Testlife@123,284040,o10w30-12x1-qt-carton-205-12x1-qt-carton-205-,505628,505634,505632,,,,,
jmeter.companyqqqq@mailto.plus,Testlife@123,284131,ursahd50saepail-5-ag-pail-221-5-ag-pail-221-,505724,505730,505728,,,,,
jmeter.companyrrrr@mailto.plus,Testlife@123,284105,ursahdsae50qt-12x1-qt-carton-205-12x1-qt-carton-205-,505804,505810,505808,,,,,
jmeter.companyssss@mailto.plus,Testlife@123,283988,texantifrzcoolantgals-6x1-ag-carton-227-6x1-ag-carton-227-,505853,505859,505857,,,,,
jmeter.companytttt@mailto.plus,Testlife@123,283949,havatfmd3quart-12x1-qt-carton-205-12x1-qt-carton-205-,505988,505994,505992,,,,,
jmeter.companyuuuu@mailto.plus,Testlife@123,284040,o10w30-12x1-qt-carton-205-12x1-qt-carton-205-,506095,506101,506099,,,,,
jmeter.companyvvvv@mailto.plus,Testlife@123,284131,ursahd50saepail-5-ag-pail-221-5-ag-pail-221-,506192,506198,506196,,,,,
jmeter.companywwww@mailto.plus,Testlife@123,284105,ursahdsae50qt-12x1-qt-carton-205-12x1-qt-carton-205-,506329,506335,506333,,,,,
jmeter.companyxxxx@mailto.plus,Testlife@123,283988,texantifrzcoolantgals-6x1-ag-carton-227-6x1-ag-carton-227-,506387,506393,506391,,,,,
,,,,,,,,,,,
,,,,,,,,,,,
,,,,,,,,,,,
,,,,,,,,,,,
,,,,,,,,,,,
,,,,,,,,,,,
,,,,,,,,,,,
,,,,,,,,,,,
,,,,,,,,,,,
,,,,,,,,,,,
,,,,,,,,,,,
,,,,,,,,,,,
,,,,,,,,,,,
,,,,,,,,,,,
,,,,,,,,,,,
,,,,,,,,,,,
,,,,,,,,,,,
,,,,,,,,,,,
,,,,,,,,,,,
,,,,,,,,,,,
,,,,,,,,,,,
,,,,,,,,,,,
,,,,,,,,,,,
,,,,,,,,,504161,504167,504165
,,,30,jmeter.companycccc@mailto.plus,Testlife@123,,,,504298,504304,504302
,,,31,jmeter.companydddd@mailto.plus,Testlife@123,,,,504405,504411,504409
,,,32,jmeter.companyeeee@mailto.plus,Testlife@123,,,,504602,504608,504606
,,,33,jmeter.companyffff@mailto.plus,Testlife@123,,,,504698,504704,504702
,,,34,jmeter.companygggg@mailto.plus,Testlife@123,,,,504834,504840,504838
,,,35,jmeter.companyhhhh@mailto.plus,Testlife@123,,,,504942,504948,504946
,,,36,jmeter.companyiiii@mailto.plus,Testlife@123,,,,505038,505044,505042
,,,37,jmeter.companyjjjj@mailto.plus,Testlife@123,,,,505146,505152,505150
,,,38,jmeter.companykkkk@mailto.plus,Testlife@123,,,,505244,505250,505248
,,,39,jmeter.companyllll@mailto.plus,Testlife@123,,,,505335,505341,505339
,,,40,jmeter.companymmmm@mailto.plus,Testlife@123,,,,505384,505390,505388
,,,41,jmeter.companynnnn@mailto.plus,Testlife@123,,,,505433,505439,505437
,,,42,jmeter.companyoooo@mailto.plus,Testlife@123,,,,505529,505535,505533
,,,43,jmeter.companypppp@mailto.plus,Testlife@123,,,,505628,505634,505632
,,,44,jmeter.companyqqqq@mailto.plus,Testlife@123,,,,505724,505730,505728
,,,45,jmeter.companyrrrr@mailto.plus,Testlife@123,,,,505804,505810,505808
,,,46,jmeter.companyssss@mailto.plus,Testlife@123,,,,505853,505859,505857
